,Unnamed: 0,Unnamed: 1,Unnamed: 2,Unnamed: 3,Unnamed: 4,Unnamed: 5,Unnamed: 6,Unnamed: 7,Unnamed: 8,Unnamed: 9,Unnamed: 10,Unnamed: 11,Unnamed: 12,Unnamed: 13,Unnamed: 14,Unnamed: 15
0,,,,People @elonmusk is following,Exported on 08/03/2023 18:22:09 (GMT) with http://www.twitonomy.com based on data retrieved from Twitter on 08/03/2023 18:22:06 (GMT),,,,,,,,,,,
1,,,,,,,,,,,,,,,,
2,#,Handle,Name,Description,URL,Location,Lang.,Joined,User #,Tweets,Followers,Following,Listed,Favourites,Last tweet date (GMT),Last tweet text
3,182,@Architectolder,üèõArchitectolder,"Wandering. My other accounts
@Stonework20  @Greyscalegrey1",,,en,2019-09-11,1171839899890311173,62639,79860,463,578,83564,2023-03-08 16:17:41,RT @creation247: Why is this ? https://t.co/gkvWVKW0X6
4,181,@DavidDeutschOxf,David Deutsch,Physicist. Author of The Fabric of Reality and The Beginning of Infinity,http://www.daviddeutsch.org.uk,"Oxford, UK",en,2012-09-23,841709695,14227,88188,60,1361,1226,2023-03-08 17:18:08,RT @andrew_lilico: If you refuse to engage with the fact that in March 2020 the UK authorities genuinely believed 800k people might die &amp; 8‚Ä¶
5,180,@adamdangelo,Adam D'Angelo,"CEO of Quora, working on Poe: @poe_platform",https://poe.com/,Bay Area,en,2007-11-22,10476462,1009,68257,1013,1288,3346,2023-03-08 15:12:13,RT @robkhenderson: People claim that SAT scores can be gamed with expensive tutoring. Anyone with two brain cells to rub together can under‚Ä¶
6,179,@JTLonsdale,Joe Lonsdale,"I'm an entrepreneur, investor, & philanthropist. I founded @PalantirTech @Addepar @OpenGov @8VC & other mission-driven orgs. I work on policy @InstituteCicero.",http://blog.joelonsdale.com,"Austin, Texas USA",en,2010-04-18,134321104,3964,98815,265,908,44784,2023-03-07 21:24:25,@mikenicoletti @linakhanFTC Thanks.
7,178,@ZubyMusic,ZUBY:,"Rapper. Author. International Speaker. Coach. Host of 'Real Talk with Zuby' podcast - https://t.co/GS1Ay648Ir | Music, books & more - https://t.co/7VhuOSB1Nf",http://teamzuby.com,Global,en,2009-07-16,57441414,141341,1062250,3589,3053,159367,2023-03-08 14:31:56,@JoelBrownMD Let's go!
8,177,@NatGeo,National Geographic,Taking our understanding and awareness of the world further for more than 130 years,http://www.nationalgeographic.com,Global,en,2008-11-18,17471979,69326,28833437,196,64511,7869,2023-03-08 18:19:37,"Happy #InternationalWomensDay! Charlotte Elizabeth ""Betty"" Webb, born 1923, worked as a code breaker at Bletchley P‚Ä¶ https://t.co/C3kNDtcUit"
9,176,@ARKInvest,ARK Invest,"Investment advisor focused solely on #disruptive #innovation. 
Disclosure: https://t.co/7lwRaEv61H",https://linktr.ee/ARKInvest,"St. Petersburg, FL",en,2014-03-19,2398137084,8650,733916,704,6086,5163,2023-03-08 16:12:46,RT @CathieDWood: Important perspective.
10,175,@eldsjal,Daniel Ek,"Father, CEO and Founder of @Spotify, @PrimaMateria_ and @NekoHealth",http://www.spotify.com,The interwebs,en,2007-12-12,11094232,6289,262044,703,2842,1556,2023-03-07 16:26:31,It's almost time. Tomorrow we will be unveiling new features and sharing ways to build your audience and increase e‚Ä¶ https://t.co/XPpi3ohX3P
11,174,@ThierryBreton,Thierry Breton,"Together, taking Europe forward üá™üá∫ Commissaire europ√©en | Europ√§ischer Kommissar | #industry #services #digital #tourism #audiovisual #space #defence",https://ec.europa.eu/commission/commissioners/2019-2024/breton_fr,"Brussels, Belgium",en,2016-10-10,785411705916559360,2435,114066,94,1025,1864,2023-03-08 15:32:44,"Together w/@JosepBorrellF, coordinated EU defence response:

1. Support the immediate #transfer of ammunition from‚Ä¶ https://t.co/SpbOcymreJ"
12,173,@ChrisJBakke,Chris Bakke,"Founder: https://t.co/xt1Nz72ZHo - the best way to hire amazing people

Previous: exits to @Indeed @Zillow 

I write terrible takes on tech + business here: https://t.co/d826eo6OJ6",https://www.linkedin.com/in/bakk3/,"Danville, CA",en,2013-04-18,1361124510,3633,134395,160,1176,35260,2023-03-08 16:27:17,"Follow me for more content that celebrates the incredible heritage of cheesemaking in Europe:
https://t.co/6qOqegfPS1"
13,172,@konstructivizm,Black Hole,"Only New Content, news, articles, images, videos, and discussion
#space,#FollowMe, #Nature, #astronomy, #Nasa,  #astrophotography, #science",http://mesonstars.com/,Germany,en,2010-04-30,138882249,22420,554123,39667,2040,20853,2023-03-08 17:55:00,Hubble Deep Field : This photo was taken by focusing the Hubble Telescope in the emptiest part of space for 10 days‚Ä¶ https://t.co/HAy4fIUjfm
14,171,@RepJeffries,Hakeem Jeffries,Brooklyn Congressman. Leader @HouseDemocrats. Work hard. Stay focused. Deliver results #ForThePeople.,http://jeffries.house.gov/,"Brooklyn, NY",en,2012-01-18,467823431,5168,869250,1062,3842,646,2023-03-08 15:17:28,"Extreme MAGA Republicans are focused on the privileged few.

House Dems will continue to build an economy that work‚Ä¶ https://t.co/15DmLu0Agq"
15,170,@csa_asc,Canadian Space Agency,"The Canadian Space Agency coordinates all civil, space-related programs on behalf of the Government of Canada. Terms: https://t.co/3QER1hFuNQ (Fran√ßais @asc_csa)",http://asc-csa.gc.ca,"Saint-Hubert, Quebec, Canada",en,2009-11-30,93714983,38315,365480,1274,4077,12323,2023-03-08 14:30:00,"This #InternationalWomensDay, let's celebrate women's achievements! Meet some of the Canadians who have made their‚Ä¶ https://t.co/wk2MYh6W2a"
16,169,@DefiantLs,Defiant L's,Some Are Defiant ‚Ä¢ Most Are Hypocrites ‚Ä¢ Post Blocked Screenshots Below ‚Ä¢ DM Submissions,,"Louisville, KY",zxx,2021-05-07,1390762874809761793,2130,940166,64,1864,26720,2023-02-04 21:14:55,https://t.co/xczjDr9ZIZ
17,168,@ShitpostGate,ShitpostGateway,Page for random memes/Cool/weird/etc off discord(literally anything). I break Gimmick. RT stuff I like(Memes/Myself/Guns/etc). Ran by @RetroFirearms,https://linktr.ee/retrofirearms,Helping out my Mutuals/Follows,zxx,2021-12-23,1474091860025122817,15830,588772,1212,1244,278,2023-03-08 16:12:52,https://t.co/NtAhHj2dwG
18,167,@howstuff_works,How Things Work,ever wonder how things were made.....,,,en,2021-12-14,1470792056406560775,126,185925,1,354,26,2023-03-07 07:16:20,Math is not just formulas and equations it's about applying in real life https://t.co/j6410s3YDO
19,166,@LisaSu,Lisa Su,Chair and CEO of @AMD,http://www.amd.com/LisaSu,"Austin, TX",en,2017-02-27,836224570013138944,315,135337,313,664,785,2023-03-08 10:48:13,Happy #InternationalWomensDay !!  I'm constantly inspired by the incredibly talented women that we have across @AMD‚Ä¶ https://t.co/GTBghd1kh0
20,165,@isabelleboemeke,isabelle ü™ê,nuclear energy is clean energy üíé in a simulation founder of @i_sodope_ @ZodiacMgmt,http://www.isodope.com,United States,en,2010-08-20,180635485,4052,50480,816,437,24036,2023-03-08 17:24:06,"happy women's day to the powerful women who helped save diablo canyon in california. üíóüëë

preventing millions of ton‚Ä¶ https://t.co/dnDbfomFoQ"
21,164,@Grimezsz,ùîäùîØùî¶ùî™ùî¢ùî∞,our lady of perpetual chaos.  Apprentice Planetologist at @makesoil üßöüèª‚Äç‚ôÄÔ∏è Lore for Modern Magic ü™ê,https://www.youtube.com/watch?v=pzPElFdxMCM,Valhalla dot com ‚öîÔ∏èüíÖüèª‚öîÔ∏è,en,2011-04-03,276540738,4312,1341447,1634,3342,15073,2023-03-07 06:03:14,@koto9x This is so rude to that bag smh
22,163,@satyanadella,Satya Nadella,Chairman and CEO of Microsoft Corporation,http://www.microsoft.com/ceo,,en,2009-02-11,20571756,1563,3014879,279,10058,379,2023-03-06 18:09:53,"RT @MSFTDynamics365: Discover interactive, AI-powered assistance across business functions with Dynamics 365 Copilot. https://t.co/kDRqi1p8‚Ä¶"
23,162,@CommunityNotes,Community Notes,"Empowering people on Twitter to create a better-informed world.

We're open source and data is publicly available: https://t.co/CGdR4wF5wn

Q? Tweet/DM",https://twitter.com/i/communitynotes/rated_helpful,,en,2020-10-21,1319036828964454402,310,231107,,677,247,2023-03-06 21:21:35,"By popular request, it's now easier for contributors on desktop to get to the Community Notes site. https://t.co/LEPmMuNPSD"
24,161,@GRRMspeaking,George RR Martin,New blog at https://t.co/7bmMBZobTM,http://www.georgerrmartin.com,Santa Fe and beyond,en,2014-06-09,2557037323,1617,1510965,140,4718,634,2023-03-02 14:55:13,"Oh, So True https://t.co/UOMLGSSHbw"
25,160,@EndWokeness,End Wokeness,"Fighting, exposing, and mocking wokeness",,,en,2022-07-28,1552795969959636992,3791,801692,781,1786,2887,2023-03-08 17:59:31,"RT @Starfoxy32: Hey sports guys,

Talk about sports.

Sincerely,
EVERYONE"
26,159,@SenSchumer,Chuck Schumer,"Official Account of Senator Chuck Schumer, New York's Senator and the Senate Majority Leader.",https://www.democraticleader.senate.gov/,"New York, NY",en,2008-11-19,17494010,24098,3470426,23360,15220,1412,2023-03-08 18:08:40,Rupert Murdoch and Fox News knew Donald Trump lied about the 2020 election‚Äîbut Fox News kept airing the Big Lie on‚Ä¶ https://t.co/0BKLxoKogc
27,158,@SpeakerMcCarthy,Kevin McCarthy,Speaker of the House and Representative of California's 20th District in the House of Representatives.,http://Speaker.gov,"Bakersfield, CA",en,2009-01-29,19739126,21713,2391693,1471,9017,2299,2023-03-08 17:13:50,RT @RepGregSteube: RT if you agree that biological MEN don't belong in WOMEN'S sports.
28,157,@GretaThunberg,Greta Thunberg,"Autistic climate justice activist
Born at 375 ppm",http://fridaysforfuture.org,Sverige,en,2018-06-12,1006419421244678144,11739,5845075,2874,12564,17861,2023-03-03 18:23:48,"School strike week 237. Today, hundreds of thousands of people were once again climate striking all over the world,‚Ä¶ https://t.co/ciLgXLpLKF"
29,156,@willmacaskill,William MacAskill,"Moral philosopher at Oxford. Author of Doing Good Better.

New book, What We Owe The Future, is out now! https://t.co/1Hjv2pbdym

Think long-term. Act now.",http://www.williammacaskill.com,Oxford,en,2011-08-27,363005534,496,63191,1289,865,1284,2022-11-11 23:55:24,"I was probably wrong. I will be reflecting on this in the days and months to come, and thinking through what should change."
30,155,@ScottAdamsSays,Scott Adams,"Canceled by rich, White people for the third time. I must be doing something they don't like. 

Dilbert Reborn launches March 13 on https://t.co/hhnnMv9FGZ",https://youtube.com/c/realCoffeeWithScottAdams,Pleasanton CA,en,2014-10-31,2853461537,113855,929952,1873,6533,71287,2023-03-08 18:05:57,RT @RandPaul: What are the odds that Biden didn't sign off on Ukrainian sabotage of Nord Stream pipelines? https://t.co/53fZ7T519Y
31,154,@patrickc,Patrick Collison,"Fallibilist, optimist. Stripe CEO. üáÆüá™",http://patrickcollison.com,patrick@stripe.com,en,2007-04-17,4939401,9096,406300,30,5350,25167,2023-03-07 14:11:40,@salonium Congratulations!
32,153,@tobi,tobi lutke,"@Shopify CEO by day, Dad in evening, hacker at night. Aspiring comprehensivist. (tweets auto delete) retweet/like=noteworthy share, not endorsement",https://linkpop.com/tobi,Canada,en,2007-01-21,676573,6809,294183,1855,3529,5035,2023-03-07 01:10:17,"RT @psa10memes: ‚ÄúThis industry is about who did it first, a lot. And sometimes about who did it second, and did it right‚Äù

Found this in ‚Äò0‚Ä¶"
33,152,@DurantQuotesBot,Will Durant,Daily quotes from the historian of civilization!,https://amzn.to/3XiklBt,source ‚Üí,en,2022-01-18,1483247571082440704,541,14196,25,85,18,2023-03-07 23:30:55,"Plato felt, like Voltaire, that monarchy has this advantage over democracy, that in a monarchy the reformer has only to convince one man."
34,151,@PeterDiamandis,"Peter H. Diamandis, MD","Exec. Chairman, @xprize, @_fountainlife. Working to extend human healthspan.",http://diamandis.com/blog,"iPhone: 34.060616,-118.444359",en,2008-05-09,14710129,9707,201970,1604,4382,6484,2023-03-08 17:05:06,"How to Raise Giants: Parenting as an Entrepreneur
https://t.co/qwPoXokINV"
35,150,@paulg,Paul Graham,,http://paulgraham.com,,en,2010-08-27,183749519,33957,1656425,719,16457,70272,2023-03-08 18:21:15,"@Pajuhaan @LBFlyawayhome The problem isn't that it's offensive, but that it's inaccurate."
36,149,@HowThingsWork_,H0W_THlNGS_W0RK,"How Things Work. Tech,AI,Art,Science & loads more. Also all the best news & viral content from around the globe. Contact@HowThingsWork.xyz",http://HowThingsWork.xyz,,en,2021-10-03,1444760227576881156,1530,1491417,7367,4963,6270,2023-03-08 15:54:40,Clearly not a fan of having its nose touched. https://t.co/wBg8ziSplJ
37,148,@culturaltutor,The Cultural Tutor,A beautiful education.,https://culturaltutor.com/areopagus,7 short lessons every Friday:,en,2022-05-11,1524407286910930944,7477,1263052,90,6659,107,2023-03-07 15:31:46,All of which is simply to say that political systems are rarely of one kind; they always mix different elements and‚Ä¶ https://t.co/LiFpIdJ4eN
38,147,@WallStreetSilv,Wall Street Silver,Social media https://t.co/6tmmbgxIA3 ‚Ä¶We just like Silver. Period.,https://www.youtube.com/c/WallStreetSilverOfficial?sub_confirmation=1,,en,2021-03-02,1366565625401909249,2220,704248,514,4024,23340,2023-03-08 17:52:40,"üíâ üíâ üíâ ü¶á ü¶á ü¶á

It's time to bring Fauci back to testify before Congress.
ü§® https://t.co/zxk7SKnevr"
39,146,@Anna_Giaritelli,Anna Giaritelli,Reporting on immigration + U.S. borders for the Washington Examiner  ‚Ä¢  B.A. Journalism @AsburyUniv ‚Ä¢ Follow me on the road: https://t.co/5vH4uvcInq,https://www.washingtonexaminer.com/author/anna-giaritelli,"Austin, TX",en,2013-01-06,1064535738,5900,26656,835,313,7208,2023-03-08 17:48:33,".@LindseyGrahamSC: ""What kind of neighbor is this?""

""If there was an ISIS cell or an Al Qaeda cell operating in Me‚Ä¶ https://t.co/VUv4PpgqKj"
40,145,@TheRabbitHole84,The Rabbit Hole,Navigating the discourse,https://therabbithole84.substack.com/,"Mars, PA",en,2022-01-24,1485689970593468416,9661,142417,540,436,8215,2023-03-08 17:07:49,The Hersheys controversy still comes second to the dick vein on Snickers candy bars in terms of events that shook the candy industry.
41,144,@amazingmap,Amazing Maps,Amazing maps brought to your attention. Turn our tweet notifications ON to never miss a tweet! Business/Map Ideas,https://linktr.ee/amazingmap,amazingmapscontact@gmail.com,en,2011-03-28,273418969,9672,585734,14735,2104,389,2023-03-07 22:44:09,RT @TerribleMaps: The gender of your country in Turkish. https://t.co/zSfgT2fWsq
42,143,@jk_rowling,J.K. Rowling,Writer sometimes known as Robert Galbraith,http://www.jkrowling.com,Scotland,en,2009-08-03,62513246,15853,14069427,1080,32279,39389,2023-03-08 09:35:42,If you're concerned about the erosion of women's rights in the UK - the right to single sex spaces like domestic vi‚Ä¶ https://t.co/ErDrjfzTjI
43,142,@JohnnaCrider1,Johnna Crider,Shreveport native. Believe in good,https://gettingstoned.substack.com/,"Baton Rouge, LA",en,2013-10-12,1957568797,35718,80698,494,1120,218765,2023-03-08 13:02:37,"RT @theyenvyarii__: No Pollen formed against me shall prosper 
ZYRTEC 54:17"
44,141,@Chad_Hurley,Chad Hurley,"Co-Founder, @YouTube; Investor, @Warriors, @LAFC, @LUFC, @Polycam3D, @ParallelNFT, @CLMBR_official & other stupid ideas. I hate long walks on the beach.",http://youtube.com/chad,Prestige Worldwide,en,2008-05-12,14749070,5145,617270,1955,6626,10753,2023-03-06 03:36:56,"It was brought to my attention perhaps some of you couldn't process my ChadGPT LOLLM, let me spell it out for you‚Ä¶ CocAIne BeAR."
45,140,@BillFOXLA,Bill Melugin,"National correspondent for @foxnews based in L.A. 4x EMMY winner, 3x Edward R. Murrow winner, 4x RTNA Golden Mike winner. @Cronkite_ASU grad & SoCal native.",http://foxnews.com,"Los Angeles, CA",en,2013-01-08,1071585991,18570,276792,2591,1078,7989,2023-03-08 17:01:30,"RT @VenturaReport: I'm outside the morgue building where the 2 Americans that were killed bodies are still being held , we are waiting for‚Ä¶"
46,139,@RichardDawkins,Richard Dawkins,"UK biologist & writer. Richard Dawkins Foundation monthly donor: https://t.co/rZZdjPoMUe. RTs don't imply endorsement, nor exhaustive research of tweeter",http://richarddawkins.com,,en,2008-06-17,15143478,32314,2991073,356,18138,236,2023-03-06 14:50:07,"Another nice tribute ro Francisco Ayala, this time by John Avise:
https://t.co/Z7sriPUcVA"
47,138,@Lukewearechange,Luke Rudkowski,üáµüá±üá∫üá∏ ‚ÄúMr. Rudkowski is no shrinking violet. Armed with a video camera and a YouTube account- NYTIMES,http://youtube.com/wearechange,"Miami, Florida ",en,2009-12-10,95994080,51029,399344,3277,2331,5836,2023-03-08 17:52:02,@MichaelPSenger Isreal or Australia
48,137,@DrJBhattacharya,Jay Bhattacharya,"Professor Stanford School of Medicine.  MD, PhD.  Health policy: infectious diseases, covid, health economics. Scientific freedom.",,"Stanford, CA, USA",en,2021-08-16,1427361863830949908,15214,393909,4661,2140,48717,2023-03-08 18:05:57,"RT @WashburneAlex: As someone who spent some years predicting the genomic &amp; geographic patterns of spillover pre-COVID

It was light years‚Ä¶"
49,136,@larryellison,Larry Ellison,,http://oracle.com,,en,2012-05-31,595822244,1,129847,42,1333,4,2012-06-06 22:50:15,"Oracle's got 100+ enterprise applications live in the #cloud today, SAP's got nothin' but SuccessFactors until 2020"
50,135,@ellagirwin,Ella Irwin,"Trust advocate, problem solver, business and technology enthusiast, dog lover.",,Seattle,en,2009-01-14,18988705,206,30937,241,182,770,2023-03-07 20:26:40,"@DogRightGirl Please avoid retweeting violent threats and specifically tagging users with a high follower count, wh‚Ä¶ https://t.co/Eba5o7OZQW"
51,134,@GavinSBaker,Gavin Baker,"Managing Partner & CIO, @atreidesmgmt. Formerly Fidelity OTC Fund. No investment advice, views my own. https://t.co/pFe9KmNu9U",https://www.youtube.com/gavinbakerportfoliomanager,"Boston, MA",en,2011-07-22,340387261,7833,107271,3296,2143,87198,2023-03-08 13:53:11,@elant__capital Thank you!
52,133,@dearmoonproject,dearMoon,Meet the crew members who will be joining MZ on this extraordinary trip to the moon on SpaceX's Starship. MZ„Å®ÂÖ±„Å´SpaceX„ÅåÈñãÁô∫„Åô„Çã„ÄåStarship„Äç„Å´‰πó„Å£„Å¶Êúà„Å´Ë°å„ÅèdearMoon„ÇØ„É´„Éº„ÇíÁô∫Ë°®ÔºÅ,https://dearmoon.earth/,üåï,en,2018-08-30,1035122024320983040,199,71121,4,458,24,2022-12-16 02:20:37,"SpaceX lit Ship 24, a prototype of Starship, performed a single-engine static fire test on Dec 15 at Starbase in Te‚Ä¶ https://t.co/6tKDgc5lOv"
53,132,@RobertIger,Robert Iger,CEO The Walt Disney Company,,"Los Angeles, CA",en,2017-01-22,823307478360150018,741,326167,190,1358,3880,2023-03-04 20:25:46,"Disney partners with Coalition for the Homeless to transform Central Florida youth center!

Disney donated $100,000‚Ä¶ https://t.co/rOfsQQ4ohY"
54,131,@gdb,Greg Brockman,President & Co-Founder @OpenAI,http://gregbrockman.com,,en,2010-07-02,162124540,4397,223250,66,3043,1329,2023-03-08 17:49:32,OpenAI-powered instant answers now in beta on @DuckDuckGo: https://t.co/qjC7nNLpPu
55,130,@RichardGarriott,Richard Garriott,"President @ExplorersClub; a Videogame Industry Founding Father; Astronaut, Aquanaut, Polar Explorer; Family: @LaetitiaGdC, @Ronin_British, @Kinga_British",http://www.richardgarriott.com,Austin Texas,en,2009-06-06,45176933,48660,50103,3287,1062,115304,2023-03-08 18:18:10,"RT @itiscolossal: We're in the homestretch of our series on Arctic #rewilding, and what better way to celebrate than discussing where our s‚Ä¶"
56,129,@EmmanuelMacron,Emmanuel Macron,Pr√©sident de la R√©publique fran√ßaise.,http://elysee.fr,France,fr,2013-10-20,1976143068,12150,9247130,726,14362,299,2023-03-08 18:16:38,Gravons dans notre Constitution la libert√© des femmes √† recourir √† l'IVG. https://t.co/EiFZSNgVbw
57,128,@baglino,Drew Baglino,SVP of Powertrain and Energy Engineering at Tesla,https://www.tesla.com/cell-jobs,,en,2008-10-30,17066733,47,29095,41,376,294,2023-03-04 06:07:41,"RT @JosephMLombardo: Nevada is honored to be the home of Tesla's Gigafactory. 

Since 2014, @Tesla has invested $6.2 billion in our state a‚Ä¶"
58,127,@Gwynne_Shotwell,Gwynne Shotwell,"Official account of Gwynne Shotwell, President and COO, SpaceX",http://www.spacex.com,,,2019-10-29,1188971165424865280,,41855,,274,,1970-01-01 00:00:00,
59,126,@woodhaus2,Franz von Holzhausen,Chief Designer @Tesla,,,en,2009-07-11,55769345,66,103824,22,708,54,2023-03-02 20:38:52,Great job by the vH Team! Changing the world for the better! https://t.co/5BNjxefR4L
60,125,@reedhastings,Reed Hastings,Exec Chair Netflix,,,en,2008-06-26,15241557,212,142434,219,1381,129,2023-03-02 19:03:36,"@RichLightShed would it be better if they just published the script they are reading from, a little before the call‚Ä¶ https://t.co/911mEMiwpm"
61,124,@tim_cook,Tim Cook,"Apple CEO Ô£ø Auburn üèÄ üèà Duke üèÄ National Parks üèûÔ∏è ‚ÄúLife's most persistent and urgent question is, 'What are you doing for others?'‚Äù - MLK. he/him",,Cupertino,en,2013-07-31,1636590253,1481,14034836,70,24604,2045,2023-03-08 14:49:33,We are proud to lift up the voices of women leaders and storytellers who are helping shape the future. As we celebr‚Ä¶ https://t.co/7RD6xCD252
62,123,@ggreenwald,Glenn Greenwald,"Journalist; Author; Host, @SystemUpdate_; Columnist, @Folha; Co-Founder: The Intercept, @TheInterceptBr; @abrigo_hope, @FreedomofPress, @ongcriadefavela. Vegan.",https://linktr.ee/glenngreenwald,GlennGreenwald@gmail.com,en,2008-09-01,16076032,88482,2001388,987,21978,20218,2023-03-08 18:14:23,@TrueBlackTea If the intention it to publicly shame the person or force them to change their behavior through socia‚Ä¶ https://t.co/jVRBHwXTMz
63,122,@johnkrausphotos,John Kraus,üöÄ Spaceflight photographer ‚ú® Content Director @PolarisProgram üì∑ AKA ‚ÄúSnap‚Äù,http://www.johnkrausphotos.com,Earth,en,2015-03-11,3072160164,24135,157867,266,1250,120066,2023-03-08 18:01:38,RT @relativityspace: ‚è∞ We have a new T-0 time of 14:00 ET. The additional time allows us to work through thermal conditioning of our propel‚Ä¶
64,121,@Discovery,Discovery,We'll bring the üåç to you.,http://Discovery.com,United States,en,2008-12-03,17842366,54677,9282790,609,21688,7389,2023-03-08 16:00:00,It's #InternationalWomensDay! We're celebrating the contributions and creative excellence of women all over the glo‚Ä¶ https://t.co/kufmPEcXEF
65,120,@teardowntitan,Sandy Munro,Founder of Munro & Associates,https://leandesign.com/,"Auburn Hills, MI",en,2022-11-15,1592542747726069766,91,65995,34,276,79,2023-03-06 16:36:23,@farzyness @CorySteuben @teslaownersSV Agreed!!!
66,119,@dawallach,D.A. Wallach,Life sciences & healthcare investor. Occasional recording artist. https://t.co/ISRFxgQlfM,http://www.dawallach.com/,"Los Angeles, CA",en,2007-04-22,5405152,16778,1086341,903,2831,4676,2023-03-07 16:09:17,RT @NPLB_org: Half new FDA-approved cancer therapies are small molecules. Most impactful way @potus can accelerate cancer therapies to pati‚Ä¶
67,118,@OriolVinyalsML,Oriol Vinyals,"Research Director & Deep Learning Lead @DeepMind. AlphaStar, AlphaFold, AlphaCode, WaveNet, seq2seq, distillation, TF. Previous: Google Brain.",https://scholar.google.com/citations?user=NkzyCvUAAAAJ&hl=en,"London, England",en,2015-10-16,3918111614,1002,148877,80,2589,1167,2023-03-07 20:20:19,@clmt @DeepMind Excellent news. Welcome!
68,117,@TrungTPhan,Trung Phan,Write on business. Create with @workweekinc. Co-host @niapodcast. Building an AI research app for reading + writing: https://t.co/fZ5ObIyBGI,https://trungphan.substack.com,internet,,2017-12-27,945817135816654848,45365,597491,4362,5013,103862,2023-03-08 17:26:51,@0xgaut üòÇüòÇüòÇ
69,116,@dailystoic,Daily Stoic,"Stoic wisdom for everyday life.
Sign up for our daily newsletter:",http://dailystoic.com/dailyemail,,en,2016-02-09,4885277053,9475,470031,9,3640,2767,2023-03-08 17:19:18,"@ShadiBartsch on Eastern vs. Western Philosophy

Listen here: https://t.co/ltzzRMSCN1 https://t.co/fMJzmZhm02"
70,115,@kcoleman,Keith Coleman üå±üòÄüôå,"VP Product @twitter. Previously CEO at Yes Inc, @google üôå",,"San Francisco, CA",en,2007-03-13,1076061,2344,24876,787,283,13087,2023-03-06 21:43:30,@RobloxVoiceChat Thanks ‚Äî I see the issue. Will get it fixed.
71,114,@Jason,@jason,"World's Greatest Moderator (TM), Angel investor: https://t.co/6leeScky9Y @twistartups @theallinpod @launch @inside",http://inside.com/p/jason,"California, USA",en,2006-08-05,3840,44288,684341,25968,15273,106807,2023-03-08 07:22:07,"RT @theallinpod: ""so it's four rich tech guys but they also cover politics and culture stuff. it honestly crushes everything else in the MS‚Ä¶"
72,113,@TwitterBlue,Twitter Blue,"Subscribe to get your blue checkmark and early access to select new features, like Edit Tweet. More exciting updates coming soon!",https://twitter.com/i/twitter_blue_sign_up,Twitter HQ,en,2021-06-01,1399766153053061121,1172,474502,,937,467,2023-02-08 20:00:14,"need more than 280 characters to express yourself?

we know that lots of you do‚Ä¶ and while we love a good thread, s‚Ä¶ https://t.co/lge9udRzLE"
73,112,@DavidSacks,David Sacks,VC @craft_ventures Bestie @theallinpod Founder @getcallin,http://sacks.substack.com,San Francisco,en,2007-03-14,1137701,9383,583108,2997,6847,34374,2023-03-08 07:26:27,@jhope30203 Definitely the company.
74,111,@tegmark,Max Tegmark,"Known as Mad Max for my unorthodox ideas and passion for adventure, my scientific interests range from artificial intelligence to the ultimate nature of reality",http://space.mit.edu/home/tegmark/,MIT,qst,2014-05-28,2530947115,771,108365,13,1525,16,2023-03-07 20:45:26,:) https://t.co/Q5L0bxFVJT
75,110,@Twitter,Twitter,What's happening?!,https://about.twitter.com/,everywhere,en,2007-02-20,783214,15046,65701839,5,88079,6152,2023-02-08 20:00:46,more words more words more words more words more words more words more words more words more words more words more‚Ä¶ https://t.co/0mcFJ1wwZK
76,109,@SciGuySpace,Eric Berger,"Senior Space Editor at Ars Technica. Likes rockets. Author of the acclaimed book LIFTOFF, on the origins of SpaceX: https://t.co/BwN7Xg5WOK",http://www.arstechnica.com,"Houston, TX",en,2008-08-04,15726728,55855,291436,726,3618,22402,2023-03-08 17:59:31,New T-0 of 2pm ET (19:00 UTC) for the Terran 1 launch.
77,108,@rustyrockets,Russell Brand,"Join me weekdays LIVE on RUMBLE | 5:00 PM (GMT) | 12:00 PM (ET)
https://t.co/AhoMyFM4IP",https://russellbrand.com,,en,2009-01-26,19562228,17048,11251824,668,46303,4541,2023-03-07 20:51:31,RT @scrowder: I'll be LIVE on @rustyrockets show tonight at 8:30 pm EST. Tune in! https://t.co/Gp76nCIBCO https://t.co/bGW85litA2
78,107,@NASAWebb,NASA Webb Telescope,"Launched: Dec. 25, 2021. First images revealed: July 12, 2022. Follow along as the world's most powerful space telescope continues to #UnfoldTheUniverse!",https://webb.nasa.gov,Lagrange Point 2,en,2009-04-07,29472803,10400,2825912,76,11383,4396,2023-03-08 18:16:17,Dr. Heidi Hammel is a planetary astronomer and Webb's Interdisciplinary Scientist. Her focus is on our Solar System‚Ä¶ https://t.co/ncwyikJlEm
79,106,@hiromichimizuno,HIRO MIZUNO,"Good Steward Partners, Founder, Tesla Board, Danone Mission committee, The B Team, Milken Institute, CFA Institute, HBS, Oxford, Kellogg, Cambridge, Osaka Univ.",,Traveling once again,ja,2009-09-09,72862939,12281,89556,732,696,2646,2023-03-08 13:11:11,@keiichiroshibuy „Åó„Å§„Åë„ÅØÂâ≤„Å®„Åó„Å£„Åã„Çä„Åó„Å¶„Çã„Åë„Å©„Å≠„ÄÇ
80,105,@WalterIsaacson,Walter Isaacson,"Author of The Code Breaker, The Innovators, Leonardo da Vinci, Benjamin Franklin, Einstein, Steve Jobs. Professor @Tulane. Next: Elon Musk.",http://isaacson.tulane.edu,"New Orleans, LA",en,2009-04-23,34719119,6723,235539,596,1779,2094,2023-03-08 15:45:46,Thanks to @esglaude and all who make New Orleans BookFest an inspiration to young students from all over our city.‚Ä¶ https://t.co/XiwolFbXBO
81,104,@sama,Sam Altman,@OpenAI,http://blog.samaltman.com,SF,en,2006-07-16,1605,5927,1412290,799,11121,938,2023-03-05 23:03:01,"there is no ‚Äúfinish line‚Äù for emailing or exercising until you die, which is depressing af"
82,103,@micsolana,Mike Solana,billionaire media tycoon and former mayor of san francisco. vp @foundersfund. editor-in-chief @piratewires üè¥‚Äç‚ò†Ô∏è,https://www.piratewires.com/,,en,2009-01-14,18989355,23301,213686,864,1682,43494,2023-03-08 15:48:40,imagine releasing this movie today https://t.co/2bmx4akcBt‚Ä¶ https://t.co/4QEX14IRhl
83,102,@Dilbert_Daily,Dilbert,"Dilbert by Scott Adams is the most photocopied, pinned-up, downloaded, faxed and e-mailed comic strip in the world.",http://www.dilbert.com,,en,2011-05-18,300878435,9777,144929,10,1113,64,2023-02-26 12:49:37,"Dilbert Comic for February 26: 

https://t.co/qX7JFmr49j"
84,101,@andst7,Andrea Stroppa üê∫ Claudius Nero's Legion üê∫,"'Septimus' cybersecurity. data analysis. ¬´Lasciate ogne speranza, voi ch'intrate¬ª. Roman Empire, Renaissance, Ferrari, LOTR, SpaceX fan.",,Eternal city ,en,2012-03-31,541882699,8445,66070,754,352,15272,2023-03-08 16:36:05,"""Women were created from the rib of man to be beside him, not from his head to top him, nor from his feet to be tra‚Ä¶ https://t.co/ycTLlr76LO"
85,100,@mtaibbi,Matt Taibbi,"Author of GRIFTOPIA, THE DIVIDE, THE BUSINESS SECRETS OF DRUG DEALING, and HATE INC. https://t.co/e3keZ23KNC",http://taibbi.substack.com,"New Jersey, USA",en,2009-05-06,38271276,25944,1792295,4098,12901,1905,2023-03-08 17:16:47,"America This Week: ""The Informational Fed"" Transcript of Podcast, with @WalterKirn landing the best metaphor ever f‚Ä¶ https://t.co/9PbmqgHOzT"
86,99,@jgebbia,Joe Gebbia,"@airbnb Co-founder. Also @samara, https://t.co/cqb2trjjC3, @eamesinstitute",http://instagram.com/joegebs,,zxx,2007-12-21,11417802,7191,151092,987,1860,5357,2023-03-05 17:11:53,https://t.co/JKmAql37lS
87,98,@neuralink,Neuralink,Developing high bandwidth brain-machine interfaces to connect humans and machines.,http://neuralink.com,"California, USA",en,2017-08-09,895332160130891776,42,953681,1,2520,7,2023-03-07 23:09:06,Freshly baked üç™ https://t.co/tCpYR2Z0JJ
88,97,@EvaFoxU,Eva Fox ü¶ä Claudius Nero's Legion ü¶Ö,"Blogger covering Elon Musk, Twitter, SpaceX, Tesla, EVs and environmental news for @Tesmanian_com & @MagazineTesla",https://opensea.io/EvaFox,Ukraine,en,2018-02-02,959471389282578432,43609,145249,1030,615,103914,2023-03-08 17:39:11,"Tesla installs its first V4 Supercharger located in Harderwijk, the Netherlands. According to the company's announc‚Ä¶ https://t.co/WIFedeQsYx"
89,96,@planet,Planet,"We see things from a different angle. üõ∞Ô∏èüïäÔ∏è

Public Benefit Corporation on NYSE  $PL",http://planet.com,Earth's Orbit üåé,en,2008-11-27,17663776,5293,251527,4579,2384,7809,2023-03-07 18:45:31,.@Preligens will now be using our #satellitedata to enhance a unique #AI monitoring solution for #defense &amp;‚Ä¶ https://t.co/WbHhT13plM
90,95,@OfficialPCMR,PCMR,The official twitter of the #PCMR. We're both the biggest and the fastest-growing PC enthusiasts community in the world. Since 2011. Run by @PedroPCMR,http://pcmasterrace.org,pcmr@pcmasterrace.org,en,2014-01-15,2292565884,59622,472298,869,678,29138,2023-03-08 17:24:06,@romayojr Can never go wrong with an o11. üòç
91,94,@universal_sci,Universal-Sci,The official Universal-Sci Twitter account - Providing you with a selection of the most interesting science-related news and background stories,http://www.universal-sci.com/,Netherlands,en,2015-01-22,2993230373,648,868391,23,2807,19,2023-03-08 18:08:08,"A snapshot of the Tarantula Nebula (also known as 30 Doradus)

The Tarantula Nebula is a large star-forming region‚Ä¶ https://t.co/EYKKuW9FiR"
92,93,@gunsnrosesgirl3,Science girl,banner art by @AurelieBeatley,http://paypal.me/SRose126,Support and tips ,en,2019-10-03,1179892477714718721,14977,901530,5884,4414,136882,2023-03-08 16:52:29,"RT @gunsnrosesgirl3: Black panther and his partner in the Kabini Forrest 

üìπ @shaazjung 
https://t.co/U2zoEgLPzX"
93,92,@moxie,Moxie Marlinspike,Founder @signalapp,https://instagram.com/moxiemarlinspike,"California, USA",en,2009-09-24,76980293,6244,194268,182,2814,1984,2022-11-16 01:55:10,"@steffanwatkins @micsolana I'm not the CEO anymore, but Signal doesn't track you or have access to your data. You c‚Ä¶ https://t.co/DcSNVYnEpo"
94,91,@HGJart,ÈªÑÂÖâÂâë,‰∏™‰∫∫ÁΩëÁ´ôhttps://t.co/9FNOPuJ4sf,,ÊàêÈÉΩÂ∏Ç,zh,2018-01-30,958324785229934593,84,38436,25,100,3,2022-12-02 10:42:34,„ÄäËÄÅÊÄ™„Äã‰ª•ÂèäÂàõ‰ΩúËøáÁ®ã‰∏≠Â∞ùËØïËøáÁöÑ‰∏Ä‰∫õÊñπÊ°àÔºåÁîªÂ•ΩÂæà‰πÖÂøòËÆ∞Âèë‰∫ÜüòÜ https://t.co/2ckZ34cICG
95,90,@ilyasut,Ilya Sutskever,towards a plurality of humanity loving AGIs @openai,,,en,2013-09-01,1720046887,1049,151179,2,2248,4268,2023-03-03 13:41:59,One of my hopes for the good AGI future is that people will become kinder to each other
96,89,@EuropaClipper,NASA Europa Clipper,NASA's Europa Clipper mission will find out if the conditions are right for life on Jupiter's icy moon.,https://europa.nasa.gov/,,en,2015-01-26,2997418453,418,124433,139,968,423,2023-03-07 22:45:50,"Live now on Clipper Cam: as part of the ongoing assembly of Europa Clipper, our team is temporarily de-stacking two‚Ä¶ https://t.co/ZzmlSQbgIV"
97,88,@TheBabylonBee,The Babylon Bee,Fake news you can trust. Follow our podcast account @babylonbeepod üéß,http://linktr.ee/babylonbee,,en,2016-02-15,4914384040,20101,2258830,74,5269,1317,2023-03-08 17:59:25,RT @TheBabylonBee: Democrats Warn That Anyone Watching Unedited Jan 6 Footage Could Arrive At Unapproved Conclusion https://t.co/wdGkuuJQCg
98,87,@BillyM2k,Shibetoshi Nakamoto,a sarcastic cartoon dog wearing glasses | substack: https://t.co/7vvN53C8Ii,https://www.billym2k.net,Hell,,2009-04-12,30699048,5249,2052837,420,3203,103653,2023-03-08 18:21:58,@69dogecoin ü§£ü§£
99,86,@Rainmaker1973,Massimo,"Astronomy, astronautics, meteorology, physics. Engineer, trying to build the big picture of #science via selected & curated pics, videos & links",https://linktr.ee/Rainmaker1973,"Italy, North by Northwest",en,2010-08-11,177101260,209979,1068953,299,7658,4948,2023-03-08 18:19:20,"@numerique78 @56geezer @SirlinJohn @EvilBill_wx thanks for you support, but they have one single reason to chase me‚Ä¶ https://t.co/DFJML9Eqzw"
100,85,@inspiration4x,Inspiration4,The first all-civilian mission to orbit. Our crew is home but their mission isn't over. Help us continue our fundraising efforts for @StJude!,http://Inspiration4.com/donate,Space,en,2021-01-04,1346194631982247943,667,241059,18,967,1256,2022-11-01 23:11:29,"On behalf of the Inspiration4 crew and team, thank you @airsports_fai for this honor. https://t.co/IfWajdvcSa"
101,84,@CNSAWatcher,CNSA Watcher,"CNSA news and updates on missions of Tiangong space station, Shenzhou crewed spaceships, Tianwen Zhurong Mars Rover, future CZ9 rocket, lunar stations, etc. Fan",https://CNSAWatcher.com,Solar System Yet,en,2021-06-08,1402156691186241538,1156,61351,114,384,1285,2023-03-08 06:34:15,Setting up High Temperature Material Research cabinet in Tiangong Space Station (CSS). HD: https://t.co/jSH92U2zHF https://t.co/eDMIXEmRRW
102,83,@gigadgets_,GiGadgets,"We cover the latest, the weirdest gadgets and tech @ https://t.co/rOz3vk2tbZ visit us https://t.co/28buAoR3SU",http://www.gigadgets.com,United States,en,2015-09-24,3669881952,5264,208658,65,1079,1588,2023-03-08 14:45:24,"This rocking chair knits a winter hat for you.
Rocking-Knit combines a rocking chair and a knitting machine to offe‚Ä¶ https://t.co/QAwsBTtL96"
103,82,@slashdot,Slashdot,"News for Nerds, Stuff that Matters.

#tech #news #software #engineering #linux  #bitcoin

Apparel: https://t.co/AppSrJCJpv

By @SlashdotMedia",https://slashdot.org/,The Internet,en,2007-03-13,1068831,119997,373452,304,10758,9084,2023-03-08 18:02:42,Want To Impress Wall Street? Just Add Some AI https://t.co/dufw3Jxt3H
104,81,@totalspace360,Everything Space,Space is the place. Run by @arthurbranch19. üöÄü™êüßë‚ÄçüöÄ,,,en,2021-02-10,1359595748942372867,902,93851,23,423,1118,2023-03-08 14:14:16,"Falcon booster following landing with humans for scale! 

(Credit: SpaceX) https://t.co/LZAjQpQcAy"
105,80,@redditSpacePorn,Space Porn,"Welcome, this account is devoted to high-quality images of space, sharing quality astrophotography",https://instagram.com/space_bible,Universe ,en,2017-01-21,822825713615175680,17740,1205309,1596,2817,1616,2023-03-07 15:31:59,Northern ice cap of Mars - NASA https://t.co/h44PpSYDbl
106,79,@rookisaacman,Jared Isaacman,"Pilot, Astronaut & Commander of Polaris Dawn mission to space üöÄüêâ. Founder & CEO of @Shift4. Inspiration4 üë®‚ÄçüöÄ, former Airshow Pilot & sometimes climb üóª",http://www.polarisprogram.com,,en,2020-07-04,1279551125264445448,2746,177957,173,803,8778,2023-03-08 15:13:39,Nice job @Shift4 team.. thanks @premproductions.. we will get it done üöÄ https://t.co/fqqM3Dn4j1
107,78,@TheMarsSociety,The Mars Society,The Mars Society - Advocating for the human exploration & settlement of Mars. Get involved! Volunteer! Become a member! Donate! Join a chapter! On to Mars!,http://www.marssociety.org,"Lakewood, CO",en,2008-09-08,16178922,20557,97412,866,888,4212,2023-03-08 03:35:55,The big reveal: What's ahead in returning samples from Mars? https://t.co/J1EfPxttnT #science #marsexploration
108,77,@dogecoin_devs,Dogecoin Developers,Stay up to date on dogecoin development! Current development branch: https://t.co/NBT5AQiKIV,https://dogecoin.com,Am doge. On coin. Wow.,en,2014-04-15,2445883045,712,585391,8,900,142,2022-12-09 07:53:48,"RT @dogecoin: A final wrap-up video featuring attendees of the Dogecoin Hackathon in Australia. Also, #Dogeathon will be coming to the USA‚Ä¶"
109,76,@dogecoin,Dogecoin,"Dogecoin is an open source peer-to-peer cryptocurrency, favored by shibas worldwide. Elon Musk thinks we're pretty cool. [RTs are not endorsements]",http://dogecoin.com,the moon,en,2013-12-08,2235729541,987,3694852,21,7343,60,2023-03-04 15:28:01,"Always look at the bright side of things üôÇ
$Doge #Dogecoin https://t.co/oSFpiJUmUk"
110,75,@Astro_Soichi,"NOGUCHI, Soichi ÈáéÂè£„ÄÄËÅ°‰∏ÄÔºà„ÅÆ„Åê„Å°„ÄÄ„Åù„ÅÜ„ÅÑ„Å°Ôºâ","Astronaut,Ph.D. CEO, Miraispace Co,Ltd.  Space Shuttle(STS114), Soyuz(TMA17), SpaceX(Crew1). „ÄÄhttps://t.co/pjocyILg0q„ÄÄË¨õÊºî„ÉªÂèñÊùêÁî≥„ÅóËæº„Åø„ÅØ team.nogu@gmail.com „Åæ„Åß„ÄÇ",https://noguchi-mission.jaxa.jp/,JAPAN,ja,2009-10-28,85891683,6249,741001,15,18635,6,2023-03-08 01:32:52,"RT @NEC_jp_pr: Ôºè
NEC„Ç∞„É´„Éº„Éó„ÅßI&amp;D„ÇíËÄÉ„Åà„Çã
NEC Inclusion &amp; Diversity DayÈñãÂÇ¨‚≠ê
Ôºº
„ÅÑ„Çà„ÅÑ„Çà‰ªäÊó•„ÅØ‰∏ÄÊó•„Åã„Åë„Å¶I&amp;D„ÇíËÄÉ„Åà„ÇãÊó•üòä
„Ç§„Éô„É≥„Éà„Å´Âêà„Çè„Åõ„Å¶„ÄÅNEC„ÅßÂÉç„ÅèÂ•≥ÊÄßÁ§æÂì°„ÅÆ„ÉØ„Éº„ÇØÔºÜ„É©„Ç§„Éï„ÇíÂãïÁîª„Åß„ÅîÁ¥π‰ªã„Åó„Åæ„Åôüé•

#NEC_ian‚Ä¶"
111,74,@PopMech,Popular Mechanics,"The best in tech, science, aerospace, DIY and auto news.

Sign up for our newsletter: https://t.co/KYCjTasgGi",http://www.popularmechanics.com,New York City,en,2009-03-06,23116280,80217,343627,3951,5057,14982,2023-03-08 17:25:00,"Neuroscientist, Dr. Ben Rein, explains the ways we can do to keep our brain healthy. Plus, a bonus hack for your ey‚Ä¶ https://t.co/e3Xh3c7IQc"
112,73,@PyTorch,PyTorch,Tensors and neural networks in Python with strong hardware acceleration. PyTorch is an open source project at the Linux Foundation. #PyTorchFoundation,http://pytorch.org,,en,2016-09-16,776585502606721024,1834,304565,74,3291,806,2023-03-08 13:02:01,"üìû Calling the PyTorch New York Community

Join us for the virtual PyTorch New York Meetup on March 9 at 6pm ET! Hea‚Ä¶ https://t.co/gr80ta5q0a"
113,72,@Nigel_Lockyer,Nigel Lockyer,"I am a Scientist @Fermilab, America's premier laboratory for particle and accelerator physics research.",http://www.fnal.gov/,"Batavia, IL",en,2009-06-21,49310901,1946,37643,116,129,1791,2023-02-04 20:03:58,Thank you Senator Durbin for you support of scientific research. https://t.co/jqrFVbgiMO
114,71,@AstroVicGlover,Victor Glover,"Regular Person, @USNavy Captain, and @NASA Astronaut. Work on Earth, Lived on the @Space_Station, Piloted the Crew-1 Mission - for All People! #Resilience",https://www.nasa.gov/astronauts/biographies/victor-j-glover,w/ the People,en,2012-12-20,1024391197,3248,184283,747,1291,3008,2023-02-19 03:45:51,"RT @Space_Station: In the latest episode of Down to Earth, astronaut @AstroVicGlover sits down with his daughter to discuss the important l‚Ä¶"
115,70,@Tesmanian_com,Tesmanian.com,"Tesla, SpaceX, Elon Musk and related News+Info.",http://www.tesmanian.com,,en,2019-02-26,1100520274200416256,8703,160274,61,920,2477,2023-03-08 06:26:30,"Salt partners with SpaceX to provide Starlink satellite-to-cellular connection throughout Switzerland

https://t.co/SL3XVQeFRS"
116,69,@machineIearning,The Architect,#MachineLearning algorithms that predict future events,,,zxx,2015-06-26,3346820638,563,97284,2,211,9354,2023-03-07 20:13:07,RT @elonmusk: https://t.co/Gegpl5sjHT
117,68,@BBC_Future,BBC Future,"Making you smarter, every day.",http://bbc.com/future,,en,2011-11-12,410605574,23066,297207,628,3199,11044,2023-03-08 14:46:45,"In Germany, struggling parents are legally entitled to go on a health retreat. Can it help fix parental burnout? https://t.co/xR3liWWRaT"
118,67,@Tesla_Asia,Tesla Asia,"Electric vehicles, giant batteries and solar",,Shanghai,en,2019-12-02,1201427034754318337,397,165904,30,810,151,2023-03-08 15:06:39,"To all the incredible women who make the world a better placeüåü
Happy International Women's Dayüíê https://t.co/SNqhV8Xny4"
119,66,@ashleevance,Ashlee Vance,"Writer at Bloomberg. Author. Emmy-nominated host+writer of Hello World. NYT, El Reg alum. My new book https://t.co/NlIfgzYVGN",http://www.ashleevance.com,Angst ,en,2009-10-12,81961201,2249,110290,3009,1434,11868,2023-03-08 14:22:20,There is a universe where Ted Lasso stars in Succession
120,65,@OpenAI,OpenAI,OpenAI's mission is to ensure that artificial general intelligence benefits all of humanity. We're hiring: https://t.co/dJGr6LxCRA,https://openai.com,,en,2015-12-06,4398626122,582,1635426,,10459,348,2023-03-01 18:04:26,ChatGPT and Whisper are now available through our API (plus developer policy updates). We ‚ù§Ô∏è developers: https://t.co/vpoyxZ7XnD
121,64,@ID_AA_Carmack,John Carmack,"AGI at Keen Technologies, former CTO Oculus VR, Founder Id Software and Armadillo Aerospace",,"Dallas, TX",en,2010-08-07,175624200,16335,1032360,226,7019,4412,2023-03-07 23:17:07,"Books and music haven't been as fundamentally improved by technology as things like games and TV have been, but tec‚Ä¶ https://t.co/8CoK7rMkIH"
122,63,@slatestarcodex,Scott Alexander,I have a place where I say complicated things about philosophy and science. That place is my blog. This is where I make terrible puns.,http://slatestarcodex.com,,en,2013-06-18,1526643050,3105,129268,32,1437,1327,2023-02-27 21:40:41,"@entirelyuseles @bryan_caplan I said it was ""sort of"" true, and I think the ways it isn't true are substantial and‚Ä¶ https://t.co/cCZJ3V70at"
123,62,@jack,jack,"#bitcoin
#nostr: npub1sg6plzptd64u62a878hep2kev88swjh3tw00gjsfl8f237lmu63q0uf63m",https://snort.social/p/npub1sg6plzptd64u62a878hep2kev88swjh3tw00gjsfl8f237lmu63q0uf63m,,en,2006-03-21,12,29018,6561114,4627,33487,35962,2023-01-31 22:38:10,"and Google Play Store: https://t.co/1Ve7GIBG0F

and of course, the open web: https://t.co/qXl9xrmtKE (one of many)"
124,61,@TalulahRiley,Talulah Riley,Actress/Writer.,,"London, England",en,2011-07-29,344538987,2335,63977,780,282,2987,2023-01-27 22:52:12,RT @rickygervais: I had no money growing up. My dad was a labourer and my mum did everything to make ends meet. Men worked hard. Women work‚Ä¶
125,60,@MKBHD,Marques Brownlee,Web Video Producer | ‚ãà | Pro Ultimate Frisbee Player | Host of @WVFRM @TheStudio,http://MKBHD.com,NYC,en,2009-04-09,29873662,53889,6057021,446,14390,28365,2023-03-07 19:25:19,@Jon4Lakers But what if we use the word NEW a lot in the press release üòÖ
126,59,@joerogan,Joe Rogan,Stand up comic/mixed martial arts fanatic/psychedelic adventurer Host of The Joe Rogan Experience #FreakParty https://t.co/AZOVBquseu,http://www.joerogan.com,,en,2008-12-18,18208354,45895,10698461,3879,24408,898,2023-03-05 01:49:06,"RT @netflix: #ChrisRockLive TONIGHT at 10pm ET/ 7pm PT. 
Don't miss what Chris Rock will say in the first comedy special to stream LIVE on‚Ä¶"
127,58,@Erdayastronaut,Everyday Astronaut,"Professional rocket orientation specialist, explainer of flamey stuff and rocket chaser. Bringing space down to Earth for everyday people üöÄ #dearMoonCrew",http://patreon.com/everydayastronaut,"Iowa, United States",en,2015-04-14,3167257102,20833,1518868,597,4738,22586,2023-03-08 17:51:58,"I'm LIVE to see if @relativityspace can do 3 firsts... 
- 1st Methalox rocket to orbit
- 1st 3D printed rocket to o‚Ä¶ https://t.co/0cHaCmHw0J"
128,57,@MachinePix,MachinePix,Amazing feats of engineering. Tweeted by @kane and https://t.co/c2bRCl8MjX.,https://root.vc,,en,2014-04-14,2444425802,3073,212372,80,1683,569,2023-03-07 23:32:32,Kronen KSB-2 cabbage corer and CAP 68 cabbage cutting machine. https://t.co/4bHA1NKar8
129,56,@NASASpaceflight,Chris Bergin - NSF,https://t.co/HxYF79sIFE (NSF) Managing Editor.,http://www.nasaspaceflight.com,Englishman on Tour,en,2009-02-19,21292523,64681,491402,267,4025,49327,2023-03-08 18:21:42,RT @relativityspace: ‚è∞ We have a new T-0 time of 14:00 ET. The additional time allows us to work through thermal conditioning of our propel‚Ä¶
130,55,@wintonARK,Brett Winton,Chief Futurist @ARKInvest. Cross-Asset-Class Disruptive Tech: ‚Çø /üß¨üî¨üß¨‚úÇÔ∏è/ü§ñüöñ üîã/üß†üíª‚òÅÔ∏è/üöÄü§ñüóøüñ®Ô∏è Disclosure: https://t.co/q6ptv2t23Z,http://ark-invest.com,"Venice, CA",,2012-08-15,760345658,8864,178460,502,1947,4788,2023-03-08 18:16:51,üò¨ https://t.co/oZ9IoKPl8w
131,54,@TashaARK,Tasha Keeney,"Director of Investment Analysis & Institutional Strategies @ARKInvest. Also cover things that fly, roll, and manufacture. Disclosure https://t.co/CfmviBEuqw",http://www.ark-invest.com,"New York, NY",en,2013-12-26,2263452746,14240,199280,486,2085,153,2023-03-07 21:40:00,"In case you missed it, here's the ARK newsletter with our Tesla Investor Day takeaways. Most notably, many seemed t‚Ä¶ https://t.co/B8EzP1orVL"
132,53,@archillect,Archillect,"The ocular engine. 
Sources: @archillinks
https://t.co/U7Oh7xumQp",http://instagram.com/archillect,Meta,zxx,2014-12-06,2907774137,408362,2995293,1,11416,9095,2023-03-08 18:00:49,https://t.co/fd2c7jjinl
133,52,@skorusARK,Sam Korus,"Director of Research Autonomous Technology & Robotics @ARKinvest. Automation, robotics, energy storage, alternative energy, and space. Disclosure https://t.co/VyzEWqoebV",http://www.ark-invest.com,"New York, NY",en,2013-12-26,2263437272,14801,149240,412,1954,3063,2023-03-08 15:31:10,Nick with some great context on Twitter's current and potential monetization: https://t.co/mTeFZ6qhXp
134,51,@wonderofscience,Wonder of Science,"""The most beautiful thing we can experience is the mysterious. It is the source of all true art and science."" - Albert Einstein",https://linktr.ee/wonderofscience,üöÄ,en,2015-03-21,3101588527,2398,2349829,42,6807,4707,2023-03-08 12:30:00,"These boxes are not moving. A mind-bending optical illusion by @jagarikin.
https://t.co/JZHDEwP1yl"
135,50,@SpaceForceCSO,General Chance Saltzman,"Official account of the Chief of Space Operations, @SpaceForceDoD. *Retweets, likes, follows ‚â† endorsement.",http://www.spaceforce.mil,"Washington, DC",en,2017-09-05,905158770107568133,1560,122473,66,662,1601,2023-03-07 04:37:19,"RT @US_SpaceCom: Today, #USSPACECOM's deputy commander, Lt. Gen. John Shaw, welcomed congressional leaders, a @NATO  Parliamentary Assembly‚Ä¶"
136,49,@SpaceForceDoD,United States Space Force,"Official United States Space Force twitter: Stay up to date on all things Space Force! (Following, RTs & likes ‚â† endorsement)",https://www.spaceforce.mil/,Washington D.C.,en,2009-03-25,26572460,11777,600249,742,3898,4828,2023-03-08 15:55:01,"Secretary of the Air Force Frank Kendall spoke on maintaining, sustaining but more importantly, modernizing our for‚Ä¶ https://t.co/8rOhgJuim5"
137,48,@Liv_Boeree,Liv Boeree,"Looking for the win-wins in life. 
New video out now, watch here:",https://youtu.be/PRz54V7rU4U,,en,2009-03-20,25422302,18125,225476,417,2353,16320,2023-03-07 22:58:17,"Be careful what you wish for‚Ä¶

https://t.co/WmaWGOQo3d"
138,47,@shivon,Shivon Zilis,"Artificial intelligence, biological intelligence, and whatever exists in between and beyond. Made in Canada.",,San Francisco,es,2011-12-26,446719282,2918,93316,1564,1084,7114,2023-03-08 04:21:43,@Austen Metallica
139,46,@neiltyson,Neil deGrasse Tyson,Astrophysicist,http://www.neildegrassetyson.com,New York City,en,2009-01-29,19725644,8049,14816446,27,44185,8,2023-03-06 20:53:26,"March 6, 2023
Happy 70th Birthday to my friend &amp; colleague @carolynporco.

She's famously quoted in a 1999 @NYTimes‚Ä¶ https://t.co/er3ObHbLRC"
140,45,@wlopwangling,WLOP,"Patreon: https://t.co/6cq1snzuyG
Painting videos and Tutorials: https://t.co/tlQK7ZsMDO
Art Prints: https://t.co/JPhUKU9OlD
Foundation:https://t.co/GEs8i942Gg",https://linktr.ee/wlop,,en,2012-12-04,987978757,672,697214,180,4014,45,2023-03-03 03:11:30,LiveWallpaper - HaiQin (Princess Yulia) https://t.co/82GXBlWMrA
141,44,@Brian_J_Berger,Brian Berger,"@SpaceNews_Inc editor-in-chief. Covering the business and politics of space in print and since 1998, in print and on the web.",http://www.spacenews.com,"Washington, D.C.",en,2010-06-01,150732943,1985,34385,355,371,305,2023-02-22 22:37:26,"RT @CommerceinSpace: OSC Director Richard DalBello was today's fireside chat speaker at @SpaceComExpo | @SpaceCongressFL, fielding question‚Ä¶"
142,43,@CathieDWood,Cathie Wood,"Founder, CEO and CIO @ARKinvest. Thematic portfolio manager for disruptive innovation, mom, economist, and women's advocate. Disclosure: https://t.co/jyq2DveCyo",http://www.ark-invest.com,"St. Petersburg, FL",en,2014-02-25,2361631088,5973,1587666,372,11312,2427,2023-03-08 16:01:23,"RT @ARKInvest: In our brand new issue of The Bitcoin Monthly, we discuss:

‚ñ™Ô∏èThe Market Summary
‚ñ™Ô∏èStable Holders and Increased Network Acti‚Ä¶"
143,42,@lexfridman,Lex Fridman,"Host of Lex Fridman Podcast.
Research Scientist at MIT.
Interested in robots and humans.",https://lexfridman.com/podcast,,en,2011-12-03,427089628,2612,2673633,2,7956,7028,2023-03-07 06:50:19,One of life's great mysteries ü§£ https://t.co/twSbwjKsE0
144,41,@4thFromOurStar,Mars,"4th from the Sun, also known as the Red Planet.",,The Milkyway Galaxy,en,2019-02-01,1091459141397180416,258,129390,9,228,4242,2022-07-15 12:30:15,Just need some moisturizer https://t.co/GlcksfBbx2
145,40,@BBCScienceNews,BBC Science News,"News, features and analysis from the BBC Science & Environment news desk.",http://www.bbc.co.uk/news/science_and_environment,"London, England",en,2007-01-10,621573,32642,1854062,3,12606,141,2023-03-08 17:33:28,International Women's Day: Flying Scotsman staffed by all female crew https://t.co/czLCHWOpup
146,39,@TheStoicEmperor,The Stoic Emperor,"Modern meditations. Wisdom for the world of today. These are new thoughts, not quotes.",,The Inner Citadel,en,2017-04-11,851773048973807617,1439,417508,271,2912,2906,2023-03-08 16:31:01,"Ornate theories impress people at dinner parties, but common sense impresses fate."
147,38,@HardcoreHistory,Dan Carlin,"Dan Carlin's Hardcore History Twitter feed quote: Yes, I know the show is late... endquote",http://www.dancarlin.com,New Media,en,2009-02-16,20972371,15566,433442,141,2708,26,2023-03-07 17:52:34,Think of LOTS of these sound devices blowing with warriors chanting and howling and bashing their weapons and shiel‚Ä¶ https://t.co/fwpC7eTgCb
148,37,@Jon_Favreau,Jon Favreau,actor/writer/director,,Hollywood,en,2009-03-03,22677790,3780,2375422,219,16477,312,2020-02-20 19:21:02,@PhilTippett @themandalorian Thank you! I'm a huge fan. We're on set now talking about how exciting it would be to‚Ä¶ https://t.co/PtY5Kr2DI7
149,36,@yousuck2020,ÂâçÊæ§Âèã‰Ωú@MZDAO,,https://www.mzdao.jp/,,ja,2010-04-27,137857547,6824,10586185,67977,7695,365,2023-03-08 08:06:25,PRESTIGE„ÅÆ„Ç¢„Éº„ÉàÔºÜ„Éá„Ç∂„Ç§„É≥ÁâπÈõÜ https://t.co/2kit3Zjf5M
150,35,@pmarca,Marc Andreessen,Technology brother; AI accelerationist.,https://pmarca.substack.com/,"Menlo Park, CA",en,2007-05-10,5943622,4137,1221073,20497,16118,284386,2023-03-08 16:07:02,This is the second greatest Paul Krugman moment. https://t.co/GVM8T4QrPH
151,34,@engineers_feed,World of Engineering,The most fun way to learn something new everyday.,http://www.world-of-engineering.org,,en,2015-08-18,3429950987,13100,2753594,46,5666,2351,2023-03-08 17:17:28,Polar bears are nearly undetectable by infrared cameras.
152,33,@bbccomedy,BBC Comedy,"chicken bhuna, lamb bhuna and prawn bhuna, mushroom rice, bag of chips, keema naan and 9 poppadoms",http://www.facebook.com/BBCComedy,"London, UK",en,2007-07-05,7267562,28470,414799,5615,2093,11297,2023-03-03 09:43:12,"RT @bbcpress: üì¢ They're back! Hit comedy The Young Offenders is returning for a fourth series on @BBCOne and @BBCiPlayer

And the producers‚Ä¶"
153,32,@levine,Ken Levine,"Creative Director, Ghost Story Games (formerly Irrational). Current Project:  https://t.co/0MivILojQi https://t.co/KVTfvokKHH",,Boston,en,2009-08-10,64488804,11455,788458,454,1968,997,2023-02-26 00:11:22,@AngelaBermudezA never seen the two of you in the same room at the same time. (except the one time i did)
154,31,@nichegamer,Niche Gamer,The premiere enthusiast gaming and culture site for niche and unique stuff from across the globe.,http://nichegamer.com/subscribe,Become a member,en,2013-06-30,1558996520,101091,117496,182,579,38364,2023-03-08 17:41:24,"We reviewed Fatal Frame: Mask of the Lunar Eclipse! Finally available in the west, it's a great entry in the terrif‚Ä¶ https://t.co/B7yJsPRP49"
155,30,@ToscaMusk,Tosca Musk,https://t.co/yv1HxCLUFb,http://www.passionflix.com,,en,2007-12-14,11150432,7604,162947,396,333,21573,2023-03-08 16:35:12,RT @GabrielSeriesFP: Happy #InternationalWomenDay to these super talented female authors. Thank you for writing amazing novels with strong‚Ä¶
156,29,@mayemusk,Maye Musk,Bestselling International Author #AWomanMakesAPlan üìñ Dietitian with 2 MSc degrees ü§ì SupermodelüòâüíÉ #ItsGreatToBe74 Agents ‚¨áÔ∏è,http://www.mayemusk.com,NYC,en,2008-03-18,14171401,12946,875847,54,1307,85063,2023-03-08 08:34:19,"Happy #InternationalWomensDay from Dubai üíÉü§ó
#AWomanMakesAPlan üìñ
#ItsGreatToBe74 üí™üíÉ https://t.co/3cu0lSv0ua"
157,28,@lisajoynolan,Lisa Joy,,https://www.instagram.com/lisajoynolan/,Los Angeles,fr,2011-04-28,289476502,1724,30222,679,198,5885,2023-03-07 15:18:24,RT @MrSeries: Il reste des places pour la masterclass de @lisajoynolan au festival @FestSeriesMania ! De #PushingDaisies √† #P√©riph√©riques e‚Ä¶
158,27,@BBCBreaking,BBC Breaking News,"Breaking news alerts and updates from the BBC. For news, features, analysis follow @BBCWorld (international) or @BBCNews (UK). Latest sport news @BBCSport.",http://www.bbc.co.uk/news,"London, UK",en,2007-04-22,5402612,38883,51678170,3,149438,,2023-03-07 20:06:59,RMT union suspends strikes at UK's Network Rail after receiving new pay offer https://t.co/tV4MzA1kED
159,26,@geekwire,GeekWire,"Breaking news and analysis on Amazon, Microsoft, Pacific Northwest startups, health tech, geek life, more. Subscribe to our newsletter: https://t.co/T0ImNTk2lc",http://www.geekwire.com,Seattle,en,2011-02-22,255784266,72568,176754,3234,3062,2096,2023-03-08 18:03:35,"Microsoft's accessibility chief on Bing's chatbot, the disability divide, and more https://t.co/dk5AdM7W8Q"
160,25,@SwiftOnSecurity,SwiftInSecurity,"computer security person at a place. former helpdesk. they/them/tay. Microsoft MVP, Client Security @SwiftOnSecurity@infosec.exchange",,"Cyber, USA",en,2014-04-10,2436389418,154392,378947,9217,7025,130661,2023-03-08 16:46:04,"He's in your DMs, I'm in his domain controller"
161,24,@cgpgrey,CGP Grey üêù,‚Å¢‚Å¢‚Å¢‚Å¢‚Å¢,http://youtube.com/cgpgrey,London,en,2010-08-10,176774540,512,294504,264,1985,36,2023-03-06 14:38:29,The most interesting thing about @bing is how it frequently tries to direct the conversation in one of two directio‚Ä¶ https://t.co/BEtVXZXfwV
162,23,@westcoastbill,bill lee,building https://t.co/DFhcF8hHI2 https://t.co/5MBjEU1hnF investor: @spacex @passionflix @cloud9 @neuralink @coinbase @tesla @boringcompany @twitter @stabilityai,http://www.craftventures.com,Being First,en,2007-01-24,692023,5652,101700,414,1058,6871,2023-03-08 17:31:51,lunch! https://t.co/8lnIDmXGWO
163,22,@fermatslibrary,Fermat's Library,A platform for illuminating academic papers. We publish an annotated paper every week. Our chrome extension for arXiv: https://t.co/FVghWOrbyw,http://fermatslibrary.com,,en,2015-09-10,3511430425,2630,660921,4,3687,173,2023-03-08 14:04:26,"A happy number is a positive integer in which the sum of the squares of its digits, when iteratively calculated, ev‚Ä¶ https://t.co/HDFxWJ5RO5"
164,21,@RickandMorty,Rick and Morty,Watch Rick and Morty on @adultswim and @hbomax,http://www.rickandmorty.com,,en,2012-07-31,729468343,5120,2653544,218,2285,12173,2023-02-28 14:51:59,Early 90s Rick and Morty hits different https://t.co/Fp56KwPJyC
165,20,@NASAJPL,NASA JPL,"NASA Jet Propulsion Laboratory manages many of NASA's robotic missions exploring Earth, the solar system and our universe. Tweets from JPL's News Office.",https://jpl.nasa.gov,"Pasadena, Calif.",en,2009-01-31,19802879,10685,3853599,430,18779,8641,2023-03-08 00:02:53,A pilot project using @NASA satellite data has estimated CO2 emissions - and reductions - for more than 100 countri‚Ä¶ https://t.co/zeX56ZvTgP
166,19,@Space_Station,International Space Station,"NASA's page for updates from the International Space Station, the world-class lab orbiting Earth 250 miles above. For the latest research, follow @ISS_Research.",http://www.nasa.gov/station,Low Earth Orbit,en,2013-05-23,1451773004,16645,7665258,252,16986,22634,2023-03-08 15:44:12,"RT @NASASTEM: Time for an #InternationalWomensDay Pop Quiz! 
üë©üèΩ‚ÄçüöÄüë©üèª‚ÄçüöÄüë©üèæ‚ÄçüöÄ

As of March 2023, 72 women have flown in space. 

Do you know ho‚Ä¶"
167,18,@boringcompany,The Boring Company,Beat the snail,http://boringcompany.com/,Austin/Las Vegas,en,2017-05-03,859816394556284929,178,997967,5,1857,142,2023-03-05 16:28:16,RT @elonmusk: @Vegas And cool @boringcompany underground road tunnels!
168,17,@WorldAndScience,World and Science,Frequently updated assortment of tweets related to the world of science (with some side tracking) - As an Amazon Associate we earn from qualifying purchases,,,en,2012-03-02,511402689,3280,2396597,28,6733,592,2023-03-08 17:47:01,Some viruses can 'sneakily' make you more attractive to mosquitoes by altering your scent - helping them spread mor‚Ä¶ https://t.co/NKYXkOuAwg
169,16,@Hyperloop,Hyperloop,Official Twitter account for the @SpaceX Hyperloop Pod Competition,http://www.spacex.com/hyperloop,"Hawthorne, CA",en,2013-08-08,1654188770,115,268015,83,1079,83,2019-07-22 03:27:23,RT @elonmusk: Next year's @Hyperloop competition will be in a 10km vacuum tunnel with a curve
170,15,@medical_xpress,Medical Xpress,Latest research news on health and medicine,http://medicalxpress.com,,en,2011-04-25,287568380,83805,169005,21,1961,30094,2023-03-08 18:18:05,"Long #COVID linked to #airpollution exposure in young adults, says new study @ConversationEDU‚Ä¶ https://t.co/EyOMYe6PGm"
171,14,@SouthPark,South Park,All-new #SouthPark on Wednesdays on Comedy Central at 10/9c,http://southpark.cc.com,"Colorado, USA",en,2009-03-09,23504870,48177,3389553,249,5597,5900,2023-03-07 21:48:50,"RT @SouthPark: Stan is reeling when a cheating scandal hits the school in an all-new episode titled, ‚ÄúDeep Learning‚Äù, premiering tomorrow a‚Ä¶"
172,13,@HistoryInPics,History In Pictures,Sharing the most interesting moments in history. History should not be censored,,,en,2013-07-10,1582853809,19018,4084764,248,13805,237,2023-03-07 03:40:46,"RT @EarthPix: What type of fruit/vegetables is this? 

Also thank you to these amazing people for the work they do! üôèüèº https://t.co/I3DzzgC‚Ä¶"
173,12,@platobooktour,Rebecca Newberger Goldstein,Philosopher and novelist; 2014 National Humanities Medal,http://www.rebeccagoldstein.com,,en,2014-02-05,2329316496,2847,71806,285,505,878,2023-03-02 02:53:23,@shankha5 @real_spielberg @sapinker That's interesting. Can you tell me more.
174,11,@NASA,NASA,There's space for everybody. ‚ú®,http://www.nasa.gov/,Pale Blue Dot,en,2007-12-19,11348282,69668,71450669,178,100367,14921,2023-03-07 20:29:43,Researchers are using @NASAEarth-observing satellites to track wildfires increasing in intensity &amp; frequency due to‚Ä¶ https://t.co/LbWnKp23YE
175,10,@developonline,DEVELOP,"DEVELOP, part of @MCV_DEVELOP, analyses and supports the global games dev community. Tweets from @zptr and @wallacec42. DMs open, get in touch!",http://www.mcvuk.com/,UK,en,2009-05-07,38430500,30497,77060,2977,998,485,2022-11-10 18:04:00,"Issue 983 of MCV/DEVELOP is out today! Check it out below. 

https://t.co/mxck2CRpZR"
176,9,@TheHackersNews,The Hacker News,"#1 Most trusted #cybersecurity news publication for information security professionals seeking breaking news and insights.

#infosec #infosecurity #hacking",https://thehackernews.com/,The Internet,en,2010-10-29,209811713,36538,887017,2149,11325,8048,2023-03-08 17:56:00,North Korea-linked Lazarus Group targeted a South Korean financial firm by exploiting a zero-day #vulnerability in‚Ä¶ https://t.co/U71TarId4j
177,8,@xkcdComic,XKCD Comic,"XKCD comic feed with images and mobile friendly links. Unofficial, feed run by @dghubble",http://xkcd.com,,en,2013-12-18,2251623492,1481,391532,1,3399,3,2022-11-18 18:32:47,Randall posts his comics at @xkcd as well
178,7,@waitbutwhy,Tim Urban,"Writer, infant",https://waitbutwhy.com/,,,2013-03-20,1282121312,5762,754174,730,6129,3356,2023-03-06 22:39:10,@BillyM2k üëèüëèüëè
179,6,@arxivblog,@arxivblog,"The best new ideas in science and technology. Now blogging at Discover Magazine, previously at Technology Review and Medium",,,en,2011-03-02,259771124,2172,95399,,1249,,2023-03-08 17:23:55,AI Hunt For Extraterrestrial Intelligence Finds 8 Promising Signals https://t.co/VEArqUuocr https://t.co/PLBgj483pY
180,5,@Neuro_Skeptic,Neuroskeptic üá∫üá¶,"Neuroscience, psychology and psychiatry through a skeptical lens. Just a brain with some eyes. Formerly blogged for @DiscoverMag.",https://www.discovermagazine.com/author/neuroskeptic,UK,en,2011-06-13,316327930,43083,251185,376,3471,83180,2023-03-08 15:18:19,"@chrisdc77 @ChrisMCastille Even if that weren't the case, the JWT is a huge capital project. The equivalent for neu‚Ä¶ https://t.co/IpvARy07Oj"
181,4,@TeslaRoadTrip,TeslaRoadTrip,Tesla Owners Organization that promotes EV's and long distance driving. Enjoying the scenic beauty of this great country!,http://teslaroadtrip.org,United States,en,2013-02-15,1182382878,5345,108055,75,688,11701,2023-03-03 12:31:28,"RT @Out_of_Spec: Your thoughts on @TeslaCharging opening the Supercharger network in the US?

@jenzfc went to go check it out for us with h‚Ä¶"
182,3,@khanacademy,Khan Academy,"Working to make a free, world-class education available for anyone, anywhere.üöÄ‚ú® Teachers: follow us @TeachWithKhan! Parents of littles: follow @KhanAcademyKids",http://khanacademy.org,"Mountain View, CA",en,2008-10-10,16689804,6689,806008,648,9076,14135,2023-03-07 13:30:00,"""First of all, anybody in education is an activist."" -Judy Heumann

We are saddened to hear of the passing of disab‚Ä¶ https://t.co/GtOFa6SAV4"
183,2,@Tesla,Tesla,"Electric vehicles, giant batteries & solar",https://www.tesla.com,,en,2008-02-10,13298072,8074,19574888,37,24344,4705,2023-03-02 00:22:03,"Our next Gigafactory will be in Mexico, manufacturing our next-gen vehicle https://t.co/bk0IKrGtaZ"
184,1,@SpaceX,SpaceX,"SpaceX designs, manufactures and launches the world's most advanced rockets and spacecraft",http://www.spacex.com,"Hawthorne, CA",en,2009-04-23,34743251,6655,28455768,100,39125,409,2023-03-04 01:26:04,More photos from today's Falcon 9 launch of Starlink ‚Üí https://t.co/095WHWN1zX https://t.co/eM5GVRhwaW
185,,,,,,,,,,,,,,,,
186,Note: Favourites refer to the number of tweets the user has favourited,,,,,,,,,,,,,,,
